train_loss,epoch,step
-0.43274104595184326,0,49
-1.721994161605835,1,99
-2.070646047592163,2,149
-2.259021520614624,3,199
-2.3521111011505127,4,249
