epoch,step,train_loss
0,49,-0.4062235653400421
1,99,-1.6665579080581665
2,149,-2.005481481552124
3,199,-2.132449150085449
4,249,-2.3125014305114746
